ID,Country of Origin,Arrival or Housing Status,Family Unit,of People,of Minors,Data Received Date,Status
- 2024-01-12,,People Arrivals Placed In Shelters by 311 (To Date),,7155,,1/12/2024,Latest Census Update
- 2024-01-12,,In Shelter (Current),Individuals in Family Unit,191,,1/12/2024,Latest Census Update
- 2024-01-12,,Exited Shelter (To Date),,14579,,1/12/2024,Latest Census Update
- 2024-01-12,,People Arrivals (To Date),,34562,,1/12/2024,Latest Census Update
- 2024-01-12,,Arrived via TX-contracted buses with Personal Movement Plans (In Past Week),,0,,1/12/2024,Latest Census Update
- 2024-01-12,,In Shelter (Current),Single Men,126,,1/12/2024,Latest Census Update
- 2024-01-12,,Placed in Shelter (In Past Week),,355,,1/12/2024,Latest Census Update
- 2024-01-12,,In Shelter (Current),Single Women,27,,1/12/2024,Latest Census Update
- 2024-01-12,,Arrived via TX-contracted buses (In Past Week),,0,,1/12/2024,Latest Census Update
Venezuela- 2024-01-12,Venezuela,Requesting Shelter (In Past Week),,13,,1/12/2024,Latest Census Update
Venezuela- 2024-01-12,Venezuela,,,11328,,1/12/2024,Latest Census Update
Colombia- 2024-01-12,Colombia,,,688,,1/12/2024,Latest Census Update
Colombia- 2024-01-12,Colombia,Requesting Shelter (In Past Week),,13,,1/12/2024,Latest Census Update
Ecuador- 2024-01-12,Ecuador,,,226,,1/12/2024,Latest Census Update
Nicaragua- 2024-01-12,Nicaragua,,,31,,1/12/2024,Latest Census Update
Peru- 2024-01-12,Peru,,,118,,1/12/2024,Latest Census Update
Haiti- 2024-01-12,Haiti,,,151,,1/12/2024,Latest Census Update
Honduras- 2024-01-12,Honduras,,,66,,1/12/2024,Latest Census Update
Mauritania- 2024-01-12,Mauritania,,,24,,1/12/2024,Latest Census Update
Mexico- 2024-01-12,Mexico,,,23,,1/12/2024,Latest Census Update
Mexico- 2024-01-12,Mexico,Requesting Shelter (In Past Week),,4,,1/12/2024,Latest Census Update
Angola- 2024-01-12,Angola,,,39,,1/12/2024,Latest Census Update
Guatemala- 2024-01-12,Guatemala,Requesting Shelter (In Past Week),,1,,1/12/2024,Latest Census Update
Guatemala- 2024-01-12,Guatemala,,,25,,1/12/2024,Latest Census Update
Brazil- 2024-01-12,Brazil,,,15,,1/12/2024,Latest Census Update
Chile- 2024-01-12,Chile,,,15,,1/12/2024,Latest Census Update
Cuba- 2024-01-12,Cuba,,,12,,1/12/2024,Latest Census Update
El Salvador- 2024-01-12,El Salvador,,,10,,1/12/2024,Latest Census Update
Other- 2024-01-12,Other,Requesting Shelter (In Past Week),,1,,1/12/2024,Latest Census Update
Unknown- 2024-01-12,Unknown,,,2727,,1/12/2024,Latest Census Update
Unknown- 2024-01-12,Unknown,Requesting Shelter (In Past Week),,2,,1/12/2024,Latest Census Update
- 2024-01-05,,In Shelter (Current),Individuals in Family Unit,844,,1/5/2024,Old Census Update
- 2024-01-05,,People Arrivals (To Date),,29657,,1/5/2024,Old Census Update
- 2024-01-05,,Arrived via TX-contracted buses with Personal Movement Plans (In Past Week),,0,,1/5/2024,Old Census Update
- 2024-01-05,,Exited Shelter (To Date),,13809,,1/5/2024,Old Census Update
- 2024-01-05,,Arrived via TX-contracted buses (In Past Week),,0,,1/5/2024,Old Census Update
- 2024-01-05,,People Arrivals Placed In Shelters by 311 (To Date),,7138,,1/5/2024,Old Census Update
- 2024-01-05,,Placed in Shelter (In Past Week),,1313,,1/5/2024,Old Census Update
- 2024-01-05,,In Shelter (Current),Single Men,435,,1/5/2024,Old Census Update
- 2024-01-05,,In Shelter (Current),Single Women,113,,1/5/2024,Old Census Update
Venezuela- 2024-01-05,Venezuela,Requesting Shelter (In Past Week),,36,,1/5/2024,Old Census Update
Venezuela- 2024-01-05,Venezuela,,,10963,,1/5/2024,Old Census Update
Colombia- 2024-01-05,Colombia,,,623,,1/5/2024,Old Census Update
Colombia- 2024-01-05,Colombia,Requesting Shelter (In Past Week),,5,,1/5/2024,Old Census Update
Ecuador- 2024-01-05,Ecuador,,,217,,1/5/2024,Old Census Update
Nicaragua- 2024-01-05,Nicaragua,,,31,,1/5/2024,Old Census Update
Peru- 2024-01-05,Peru,,,114,,1/5/2024,Old Census Update
Peru- 2024-01-05,Peru,Requesting Shelter (In Past Week),,0,,1/5/2024,Old Census Update
Haiti- 2024-01-05,Haiti,,,155,,1/5/2024,Old Census Update
Haiti- 2024-01-05,Haiti,Requesting Shelter (In Past Week),,0,,1/5/2024,Old Census Update
Honduras- 2024-01-05,Honduras,,,63,,1/5/2024,Old Census Update
Honduras- 2024-01-05,Honduras,Requesting Shelter (In Past Week),,0,,1/5/2024,Old Census Update
Mauritania- 2024-01-05,Mauritania,,,24,,1/5/2024,Old Census Update
Mexico- 2024-01-05,Mexico,Requesting Shelter (In Past Week),,0,,1/5/2024,Old Census Update
Mexico- 2024-01-05,Mexico,,,18,,1/5/2024,Old Census Update
Angola- 2024-01-05,Angola,,,35,,1/5/2024,Old Census Update
Guatemala- 2024-01-05,Guatemala,,,22,,1/5/2024,Old Census Update
Brazil- 2024-01-05,Brazil,,,12,,1/5/2024,Old Census Update
Africa- 2024-01-05,Africa,Requesting Shelter (In Past Week),,1,,1/5/2024,Old Census Update
Chile- 2024-01-05,Chile,,,13,,1/5/2024,Old Census Update
Cuba- 2024-01-05,Cuba,,,11,,1/5/2024,Old Census Update
Other- 2024-01-05,Other,Requesting Shelter (In Past Week),,1,,1/5/2024,Old Census Update
Poland- 2024-01-05,Poland,Requesting Shelter (In Past Week),,0,,1/5/2024,Old Census Update
Unknown- 2024-01-05,Unknown,Requesting Shelter (In Past Week),,4,,1/5/2024,Old Census Update
Unknown- 2024-01-05,Unknown,,,3316,,1/5/2024,Old Census Update
- 2023-12-29,,In Shelter (Current),Individuals in Family Unit,846,,12/29/2023,Old Census Update
- 2023-12-29,,Exited Shelter (To Date),,12799,,12/29/2023,Old Census Update
- 2023-12-29,,Arrived via TX-contracted buses (In Past Week),,182,,12/29/2023,Old Census Update
- 2023-12-29,,Placed in Shelter (In Past Week),,182,,12/29/2023,Old Census Update
- 2023-12-29,,Arrived via TX-contracted buses with Personal Movement Plans (In Past Week),,4,,12/29/2023,Old Census Update
- 2023-12-29,,People Arrivals Placed In Shelters by 311 (To Date),,7105,,12/29/2023,Old Census Update
- 2023-12-29,,In Shelter (Current),Single Men,482,,12/29/2023,Old Census Update
- 2023-12-29,,In Shelter (Current),Single Women,128,,12/29/2023,Old Census Update
- 2023-12-29,,People Arrivals (To Date),,28261,,12/29/2023,Old Census Update
Venezuela- 2023-12-29,Venezuela,,,10678,,12/29/2023,Old Census Update
Venezuela- 2023-12-29,Venezuela,Requesting Shelter (In Past Week),,53,,12/29/2023,Old Census Update
Colombia- 2023-12-29,Colombia,,,618,,12/29/2023,Old Census Update
Colombia- 2023-12-29,Colombia,Requesting Shelter (In Past Week),,2,,12/29/2023,Old Census Update
Ecuador- 2023-12-29,Ecuador,,,207,,12/29/2023,Old Census Update
Nicaragua- 2023-12-29,Nicaragua,,,33,,12/29/2023,Old Census Update
Peru- 2023-12-29,Peru,,,114,,12/29/2023,Old Census Update
Peru- 2023-12-29,Peru,Requesting Shelter (In Past Week),,0,,12/29/2023,Old Census Update
Haiti- 2023-12-29,Haiti,Requesting Shelter (In Past Week),,0,,12/29/2023,Old Census Update
Haiti- 2023-12-29,Haiti,,,159,,12/29/2023,Old Census Update
Honduras- 2023-12-29,Honduras,Requesting Shelter (In Past Week),,2,,12/29/2023,Old Census Update
Honduras- 2023-12-29,Honduras,,,53,,12/29/2023,Old Census Update
Mauritania- 2023-12-29,Mauritania,,,24,,12/29/2023,Old Census Update
Mexico- 2023-12-29,Mexico,,,12,,12/29/2023,Old Census Update
Mexico- 2023-12-29,Mexico,Requesting Shelter (In Past Week),,1,,12/29/2023,Old Census Update
Angola- 2023-12-29,Angola,,,30,,12/29/2023,Old Census Update
Guatemala- 2023-12-29,Guatemala,,,19,,12/29/2023,Old Census Update
Brazil- 2023-12-29,Brazil,,,12,,12/29/2023,Old Census Update
Cuba- 2023-12-29,Cuba,,,13,,12/29/2023,Old Census Update
Other- 2023-12-29,Other,,,10,,12/29/2023,Old Census Update
Poland- 2023-12-29,Poland,Requesting Shelter (In Past Week),,0,,12/29/2023,Old Census Update
Unknown- 2023-12-29,Unknown,Requesting Shelter (In Past Week),,0,,12/29/2023,Old Census Update
Unknown- 2023-12-29,Unknown,,,3603,,12/29/2023,Old Census Update
- 2023-12-22,,In Shelter (Current),Single Men,176,,12/22/2023,Old Census Update
- 2023-12-22,,In Shelter (Current),Single Women,35,,12/22/2023,Old Census Update
- 2023-12-22,,Placed in Shelter (In Past Week),,667,,12/22/2023,Old Census Update
- 2023-12-22,,People Arrivals Placed In Shelters by 311 (To Date),,6986,,12/22/2023,Old Census Update
- 2023-12-22,,Arrived via TX-contracted buses with Personal Movement Plans (In Past Week),,106,,12/22/2023,Old Census Update
- 2023-12-22,,In Shelter (Current),Individuals in Family Unit,250,,12/22/2023,Old Census Update
- 2023-12-22,,Arrived via TX-contracted buses (In Past Week),,667,,12/22/2023,Old Census Update
- 2023-12-22,,Exited Shelter (To Date),,11893,,12/22/2023,Old Census Update
- 2023-12-22,,People Arrivals (To Date),,26492,,12/22/2023,Old Census Update
Venezuela- 2023-12-22,Venezuela,,,10570,,12/22/2023,Old Census Update
Venezuela- 2023-12-22,Venezuela,Requesting Shelter (In Past Week),,76,,12/22/2023,Old Census Update
Colombia- 2023-12-22,Colombia,,,581,,12/22/2023,Old Census Update
Colombia- 2023-12-22,Colombia,Requesting Shelter (In Past Week),,0,,12/22/2023,Old Census Update
Ecuador- 2023-12-22,Ecuador,,,203,,12/22/2023,Old Census Update
Nicaragua- 2023-12-22,Nicaragua,,,36,,12/22/2023,Old Census Update
Peru- 2023-12-22,Peru,,,111,,12/22/2023,Old Census Update
Peru- 2023-12-22,Peru,Requesting Shelter (In Past Week),,1,,12/22/2023,Old Census Update
Haiti- 2023-12-22,Haiti,,,168,,12/22/2023,Old Census Update
Haiti- 2023-12-22,Haiti,Requesting Shelter (In Past Week),,0,,12/22/2023,Old Census Update
Honduras- 2023-12-22,Honduras,Requesting Shelter (In Past Week),,0,,12/22/2023,Old Census Update
Honduras- 2023-12-22,Honduras,,,49,,12/22/2023,Old Census Update
Mauritania- 2023-12-22,Mauritania,,,24,,12/22/2023,Old Census Update
Mexico- 2023-12-22,Mexico,,,12,,12/22/2023,Old Census Update
Mexico- 2023-12-22,Mexico,Requesting Shelter (In Past Week),,3,,12/22/2023,Old Census Update
Angola- 2023-12-22,Angola,,,32,,12/22/2023,Old Census Update
Guatemala- 2023-12-22,Guatemala,,,16,,12/22/2023,Old Census Update
Brazil- 2023-12-22,Brazil,,,12,,12/22/2023,Old Census Update
Cuba- 2023-12-22,Cuba,,,10,,12/22/2023,Old Census Update
Other- 2023-12-22,Other,,,10,,12/22/2023,Old Census Update
Poland- 2023-12-22,Poland,Requesting Shelter (In Past Week),,0,,12/22/2023,Old Census Update
Unknown- 2023-12-22,Unknown,Requesting Shelter (In Past Week),,0,,12/22/2023,Old Census Update
Unknown- 2023-12-22,Unknown,,,3360,,12/22/2023,Old Census Update
- 2023-12-15,,In Shelter (Current),Individuals in Family Unit,642,,12/15/2023,Old Census Update
- 2023-12-15,,In Shelter (Current),Single Men,370,,12/15/2023,Old Census Update
- 2023-12-15,,Exited Shelter (To Date),,11069,,12/15/2023,Old Census Update
- 2023-12-15,,People Arrivals Placed In Shelters by 311 (To Date),,6801,,12/15/2023,Old Census Update
- 2023-12-15,,Placed in Shelter (In Past Week),,1115,,12/15/2023,Old Census Update
- 2023-12-15,,Arrived via TX-contracted buses with Personal Movement Plans (In Past Week),,309,,12/15/2023,Old Census Update
- 2023-12-15,,People Arrivals (To Date),,25800,,12/15/2023,Old Census Update
- 2023-12-15,,Arrived via TX-contracted buses (In Past Week),,1115,,12/15/2023,Old Census Update
- 2023-12-15,,In Shelter (Current),Single Women,99,,12/15/2023,Old Census Update
Venezuela- 2023-12-15,Venezuela,Requesting Shelter (In Past Week),,104,,12/15/2023,Old Census Update
Venezuela- 2023-12-15,Venezuela,,,10549,,12/15/2023,Old Census Update
Colombia- 2023-12-15,Colombia,Requesting Shelter (In Past Week),,9,,12/15/2023,Old Census Update
Colombia- 2023-12-15,Colombia,,,559,,12/15/2023,Old Census Update
Ecuador- 2023-12-15,Ecuador,,,200,,12/15/2023,Old Census Update
Nicaragua- 2023-12-15,Nicaragua,,,34,,12/15/2023,Old Census Update
Peru- 2023-12-15,Peru,,,104,,12/15/2023,Old Census Update
Peru- 2023-12-15,Peru,Requesting Shelter (In Past Week),,2,,12/15/2023,Old Census Update
Haiti- 2023-12-15,Haiti,Requesting Shelter (In Past Week),,0,,12/15/2023,Old Census Update
Haiti- 2023-12-15,Haiti,,,176,,12/15/2023,Old Census Update
Honduras- 2023-12-15,Honduras,Requesting Shelter (In Past Week),,0,,12/15/2023,Old Census Update
Honduras- 2023-12-15,Honduras,,,46,,12/15/2023,Old Census Update
Mauritania- 2023-12-15,Mauritania,,,21,,12/15/2023,Old Census Update
Mexico- 2023-12-15,Mexico,Requesting Shelter (In Past Week),,0,,12/15/2023,Old Census Update
Mexico- 2023-12-15,Mexico,,,15,,12/15/2023,Old Census Update
Angola- 2023-12-15,Angola,,,37,,12/15/2023,Old Census Update
Guatemala- 2023-12-15,Guatemala,,,16,,12/15/2023,Old Census Update
Brazil- 2023-12-15,Brazil,,,11,,12/15/2023,Old Census Update
Other- 2023-12-15,Other,,,10,,12/15/2023,Old Census Update
Poland- 2023-12-15,Poland,Requesting Shelter (In Past Week),,0,,12/15/2023,Old Census Update
Unknown- 2023-12-15,Unknown,,,3052,,12/15/2023,Old Census Update
Unknown- 2023-12-15,Unknown,Requesting Shelter (In Past Week),,1,,12/15/2023,Old Census Update
- 2023-12-08,,People Arrivals Placed In Shelters by 311 (To Date),,6801,,12/8/2023,Old Census Update
- 2023-12-08,,Exited Shelter (To Date),,10302,,12/8/2023,Old Census Update
- 2023-12-08,,Arrived via TX-contracted buses (In Past Week),,1634,,12/8/2023,Old Census Update
- 2023-12-08,,Arrived via TX-contracted buses with Personal Movement Plans (In Past Week),,386,,12/8/2023,Old Census Update
- 2023-12-08,,People Arrivals (To Date),,24012,,12/8/2023,Old Census Update
- 2023-12-08,,In Shelter (Current),Individuals in Family Unit,955,,12/8/2023,Old Census Update
- 2023-12-08,,In Shelter (Current),Single Women,140,,12/8/2023,Old Census Update
- 2023-12-08,,In Shelter (Current),Single Men,424,,12/8/2023,Old Census Update
- 2023-12-08,,Placed in Shelter (In Past Week),,1634,,12/8/2023,Old Census Update
Venezuela- 2023-12-08,Venezuela,Requesting Shelter (In Past Week),,80,,12/8/2023,Old Census Update
Venezuela- 2023-12-08,Venezuela,,,10367,,12/8/2023,Old Census Update
Colombia- 2023-12-08,Colombia,,,549,,12/8/2023,Old Census Update
Colombia- 2023-12-08,Colombia,Requesting Shelter (In Past Week),,13,,12/8/2023,Old Census Update
Ecuador- 2023-12-08,Ecuador,,,200,,12/8/2023,Old Census Update
Nicaragua- 2023-12-08,Nicaragua,,,33,,12/8/2023,Old Census Update
Peru- 2023-12-08,Peru,,,98,,12/8/2023,Old Census Update
Peru- 2023-12-08,Peru,Requesting Shelter (In Past Week),,5,,12/8/2023,Old Census Update
Haiti- 2023-12-08,Haiti,,,180,,12/8/2023,Old Census Update
Haiti- 2023-12-08,Haiti,Requesting Shelter (In Past Week),,0,,12/8/2023,Old Census Update
Honduras- 2023-12-08,Honduras,,,53,,12/8/2023,Old Census Update
Honduras- 2023-12-08,Honduras,Requesting Shelter (In Past Week),,2,,12/8/2023,Old Census Update
Mauritania- 2023-12-08,Mauritania,,,20,,12/8/2023,Old Census Update
Mexico- 2023-12-08,Mexico,Requesting Shelter (In Past Week),,0,,12/8/2023,Old Census Update
Mexico- 2023-12-08,Mexico,,,14,,12/8/2023,Old Census Update
Angola- 2023-12-08,Angola,,,39,,12/8/2023,Old Census Update
Guatemala- 2023-12-08,Guatemala,,,16,,12/8/2023,Old Census Update
Brazil- 2023-12-08,Brazil,,,10,,12/8/2023,Old Census Update
Poland- 2023-12-08,Poland,Requesting Shelter (In Past Week),,1,,12/8/2023,Old Census Update
Unknown- 2023-12-08,Unknown,,,2819,,12/8/2023,Old Census Update
Unknown- 2023-12-08,Unknown,Requesting Shelter (In Past Week),,1,,12/8/2023,Old Census Update
- 2023-12-01,,In Shelter (Current),Single Men,3113,,12/1/2023,Old Census Update
- 2023-12-01,,People Arrivals (To Date),,23387,,12/1/2023,Old Census Update
- 2023-12-01,,Arrived via TX-contracted buses with Personal Movement Plans (In Past Week),,270,,12/1/2023,Old Census Update
- 2023-12-01,,Arrived via TX-contracted buses (In Past Week),,1175,,12/1/2023,Old Census Update
- 2023-12-01,,In Shelter (Current),Single Women,570,,12/1/2023,Old Census Update
- 2023-12-01,,Placed in Shelter (In Past Week),,1170,,12/1/2023,Old Census Update
- 2023-12-01,,Exited Shelter (To Date),,8908,,12/1/2023,Old Census Update
- 2023-12-01,,In Shelter (Current),Individuals in Family Unit,9501,,12/1/2023,Old Census Update
Venezuela- 2023-12-01,Venezuela,,,10146,,12/1/2023,Old Census Update
Venezuela- 2023-12-01,Venezuela,Requesting Shelter (In Past Week),,138,,12/1/2023,Old Census Update
Colombia- 2023-12-01,Colombia,Requesting Shelter (In Past Week),,7,,12/1/2023,Old Census Update
Colombia- 2023-12-01,Colombia,,,509,,12/1/2023,Old Census Update
Ecuador- 2023-12-01,Ecuador,,,185,,12/1/2023,Old Census Update
Nicaragua- 2023-12-01,Nicaragua,,,41,,12/1/2023,Old Census Update
Peru- 2023-12-01,Peru,,,90,,12/1/2023,Old Census Update
Peru- 2023-12-01,Peru,Requesting Shelter (In Past Week),,4,,12/1/2023,Old Census Update
Haiti- 2023-12-01,Haiti,Requesting Shelter (In Past Week),,0,,12/1/2023,Old Census Update
Haiti- 2023-12-01,Haiti,,,191,,12/1/2023,Old Census Update
Honduras- 2023-12-01,Honduras,,,50,,12/1/2023,Old Census Update
Mauritania- 2023-12-01,Mauritania,,,20,,12/1/2023,Old Census Update
Mexico- 2023-12-01,Mexico,Requesting Shelter (In Past Week),,1,,12/1/2023,Old Census Update
Mexico- 2023-12-01,Mexico,,,14,,12/1/2023,Old Census Update
Angola- 2023-12-01,Angola,,,39,,12/1/2023,Old Census Update
Guatemala- 2023-12-01,Guatemala,,,10,,12/1/2023,Old Census Update
Brazil- 2023-12-01,Brazil,,,10,,12/1/2023,Old Census Update
Other- 2023-12-01,Other,,,10,,12/1/2023,Old Census Update
Unknown- 2023-12-01,Unknown,Requesting Shelter (In Past Week),,2,,12/1/2023,Old Census Update
Unknown- 2023-12-01,Unknown,,,2693,,12/1/2023,Old Census Update
- 2023-11-24,,Placed in Shelter (In Past Week),,750,,11/24/2023,Old Census Update
- 2023-11-24,,People Arrivals (To Date),,23000,,11/24/2023,Old Census Update
- 2023-11-24,,In Shelter (Current),Single Women,535,,11/24/2023,Old Census Update
- 2023-11-24,,In Shelter (Current),Single Men,3102,,11/24/2023,Old Census Update
- 2023-11-24,,Arrived via TX-contracted buses (In Past Week),,1006,,11/24/2023,Old Census Update
- 2023-11-24,,In Shelter (Current),Individuals in Family Unit,8845,,11/24/2023,Old Census Update
- 2023-11-24,,Arrived via TX-contracted buses with Personal Movement Plans (In Past Week),,408,,11/24/2023,Old Census Update
- 2023-11-24,,Exited Shelter (To Date),,8908,,11/24/2023,Old Census Update
- 2023-11-24,,People Arrivals Placed In Shelters by 311 (To Date),,5888,,11/24/2023,Old Census Update
Venezuela- 2023-11-24,Venezuela,,,9720,,11/24/2023,Old Census Update
Venezuela- 2023-11-24,Venezuela,Requesting Shelter (In Past Week),,108,,11/24/2023,Old Census Update
Colombia- 2023-11-24,Colombia,Requesting Shelter (In Past Week),,6,,11/24/2023,Old Census Update
Colombia- 2023-11-24,Colombia,,,465,,11/24/2023,Old Census Update
Ecuador- 2023-11-24,Ecuador,,,158,,11/24/2023,Old Census Update
Nicaragua- 2023-11-24,Nicaragua,,,40,,11/24/2023,Old Census Update
Peru- 2023-11-24,Peru,,,80,,11/24/2023,Old Census Update
Peru- 2023-11-24,Peru,Requesting Shelter (In Past Week),,2,,11/24/2023,Old Census Update
Haiti- 2023-11-24,Haiti,Requesting Shelter (In Past Week),,0,,11/24/2023,Old Census Update
Haiti- 2023-11-24,Haiti,,,185,,11/24/2023,Old Census Update
Honduras- 2023-11-24,Honduras,,,39,,11/24/2023,Old Census Update
Mauritania- 2023-11-24,Mauritania,,,20,,11/24/2023,Old Census Update
Mexico- 2023-11-24,Mexico,Requesting Shelter (In Past Week),,0,,11/24/2023,Old Census Update
Mexico- 2023-11-24,Mexico,,,14,,11/24/2023,Old Census Update
Angola- 2023-11-24,Angola,,,34,,11/24/2023,Old Census Update
Guatemala- 2023-11-24,Guatemala,,,10,,11/24/2023,Old Census Update
Brazil- 2023-11-24,Brazil,,,10,,11/24/2023,Old Census Update
Cuba- 2023-11-24,Cuba,,,10,,11/24/2023,Old Census Update
Other- 2023-11-24,Other,,,10,,11/24/2023,Old Census Update
Unknown- 2023-11-24,Unknown,Requesting Shelter (In Past Week),,9,,11/24/2023,Old Census Update
Unknown- 2023-11-24,Unknown,,,2444,,11/24/2023,Old Census Update
- 2023-11-17,,Exited Shelter (To Date),,8280,,11/17/2023,Old Census Update
- 2023-11-17,,In Shelter (Current),Single Men,2827,,11/17/2023,Old Census Update
- 2023-11-17,,People Arrivals (To Date),,23000,,11/17/2023,Old Census Update
- 2023-11-17,,In Shelter (Current),Individuals in Family Unit,8787,,11/17/2023,Old Census Update
- 2023-11-17,,In Shelter (Current),Single Women,459,,11/17/2023,Old Census Update
- 2023-11-17,,People Arrivals Placed In Shelters by 311 (To Date),,5707,,11/17/2023,Old Census Update
- 2023-11-17,,Placed in Shelter (In Past Week),,500,,11/17/2023,Old Census Update
- 2023-11-17,,Arrived via TX-contracted buses (In Past Week),,800,,11/17/2023,Old Census Update
- 2023-11-17,,Arrived via TX-contracted buses with Personal Movement Plans (In Past Week),,365,,11/17/2023,Old Census Update
Venezuela- 2023-11-17,Venezuela,Requesting Shelter (In Past Week),,79,,11/17/2023,Old Census Update
Venezuela- 2023-11-17,Venezuela,,,9324,,11/17/2023,Old Census Update
Colombia- 2023-11-17,Colombia,Requesting Shelter (In Past Week),,3,,11/17/2023,Old Census Update
Colombia- 2023-11-17,Colombia,,,438,,11/17/2023,Old Census Update
Ecuador- 2023-11-17,Ecuador,,,147,,11/17/2023,Old Census Update
Nicaragua- 2023-11-17,Nicaragua,,,37,,11/17/2023,Old Census Update
Peru- 2023-11-17,Peru,Requesting Shelter (In Past Week),,0,,11/17/2023,Old Census Update
Peru- 2023-11-17,Peru,,,74,,11/17/2023,Old Census Update
Haiti- 2023-11-17,Haiti,Requesting Shelter (In Past Week),,0,,11/17/2023,Old Census Update
Haiti- 2023-11-17,Haiti,,,198,,11/17/2023,Old Census Update
Honduras- 2023-11-17,Honduras,,,40,,11/17/2023,Old Census Update
Mauritania- 2023-11-17,Mauritania,,,18,,11/17/2023,Old Census Update
Mexico- 2023-11-17,Mexico,Requesting Shelter (In Past Week),,0,,11/17/2023,Old Census Update
Mexico- 2023-11-17,Mexico,,,11,,11/17/2023,Old Census Update
Angola- 2023-11-17,Angola,,,26,,11/17/2023,Old Census Update
Brazil- 2023-11-17,Brazil,,,11,,11/17/2023,Old Census Update
Cuba- 2023-11-17,Cuba,,,10,,11/17/2023,Old Census Update
Other- 2023-11-17,Other,,,10,,11/17/2023,Old Census Update
Unknown- 2023-11-17,Unknown,Requesting Shelter (In Past Week),,3,,11/17/2023,Old Census Update
Unknown- 2023-11-17,Unknown,,,2490,,11/17/2023,Old Census Update
- 2023-11-10,,Exited Shelter (To Date),,7959,,11/10/2023,Old Census Update
- 2023-11-10,,People Arrivals (To Date),,20754,,11/10/2023,Old Census Update
- 2023-11-10,,In Shelter (Current),Single Men,2864,,11/10/2023,Old Census Update
- 2023-11-10,,In Shelter (Current),Single Women,472,,11/10/2023,Old Census Update
- 2023-11-10,,In Shelter (Current),Individuals in Family Unit,8748,,11/10/2023,Old Census Update
- 2023-11-10,,People Arrivals Placed In Shelters by 311 (To Date),,5698,,11/10/2023,Old Census Update
- 2023-11-10,,Placed in Shelter (In Past Week),,988,,11/10/2023,Old Census Update
- 2023-11-10,,Arrived via TX-contracted buses (In Past Week),,714,,11/10/2023,Old Census Update
- 2023-11-10,,Arrived via TX-contracted buses with Personal Movement Plans (In Past Week),,327,,11/10/2023,Old Census Update
Venezuela- 2023-11-10,Venezuela,Requesting Shelter (In Past Week),,104,,11/10/2023,Old Census Update
Venezuela- 2023-11-10,Venezuela,,,9155,,11/10/2023,Old Census Update
Colombia- 2023-11-10,Colombia,Requesting Shelter (In Past Week),,3,,11/10/2023,Old Census Update
Colombia- 2023-11-10,Colombia,,,422,,11/10/2023,Old Census Update
Ecuador- 2023-11-10,Ecuador,,,142,,11/10/2023,Old Census Update
Nicaragua- 2023-11-10,Nicaragua,,,39,,11/10/2023,Old Census Update
Peru- 2023-11-10,Peru,,,64,,11/10/2023,Old Census Update
Peru- 2023-11-10,Peru,Requesting Shelter (In Past Week),,6,,11/10/2023,Old Census Update
Haiti- 2023-11-10,Haiti,,,191,,11/10/2023,Old Census Update
Haiti- 2023-11-10,Haiti,Requesting Shelter (In Past Week),,6,,11/10/2023,Old Census Update
Honduras- 2023-11-10,Honduras,,,42,,11/10/2023,Old Census Update
Mauritania- 2023-11-10,Mauritania,,,16,,11/10/2023,Old Census Update
Mexico- 2023-11-10,Mexico,Requesting Shelter (In Past Week),,15,,11/10/2023,Old Census Update
Mexico- 2023-11-10,Mexico,,,16,,11/10/2023,Old Census Update
Angola- 2023-11-10,Angola,,,26,,11/10/2023,Old Census Update
Cuba- 2023-11-10,Cuba,,,10,,11/10/2023,Old Census Update
Other- 2023-11-10,Other,,,10,,11/10/2023,Old Census Update
Unknown- 2023-11-10,Unknown,Requesting Shelter (In Past Week),,2,,11/10/2023,Old Census Update
Unknown- 2023-11-10,Unknown,,,2569,,11/10/2023,Old Census Update
- 2023-11-03,,Exited Shelter (To Date),,7553,,11/3/2023,Old Census Update
- 2023-11-03,,People Arrivals (To Date),,20221,,11/3/2023,Old Census Update
- 2023-11-03,,In Shelter (Current),Single Men,2881,,11/3/2023,Old Census Update
- 2023-11-03,,In Shelter (Current),Single Women,474,,11/3/2023,Old Census Update
- 2023-11-03,,In Shelter (Current),Individuals in Family Unit,8354,,11/3/2023,Old Census Update
- 2023-11-03,,People Arrivals Placed In Shelters by 311 (To Date),,5586,,11/3/2023,Old Census Update
- 2023-11-03,,Arrived via TX-contracted buses (In Past Week),,744,,11/3/2023,Old Census Update
- 2023-11-03,,Arrived via TX-contracted buses with Personal Movement Plans (In Past Week),,346,,11/3/2023,Old Census Update
- 2023-11-03,,Placed in Shelter (In Past Week),,493,,11/3/2023,Old Census Update
Venezuela- 2023-11-03,Venezuela,Requesting Shelter (In Past Week),,85,,11/3/2023,Old Census Update
Venezuela- 2023-11-03,Venezuela,,,8926,,11/3/2023,Old Census Update
Colombia- 2023-11-03,Colombia,Requesting Shelter (In Past Week),,7,,11/3/2023,Old Census Update
Colombia- 2023-11-03,Colombia,,,434,,11/3/2023,Old Census Update
Ecuador- 2023-11-03,Ecuador,Requesting Shelter (In Past Week),,1,,11/3/2023,Old Census Update
Ecuador- 2023-11-03,Ecuador,,,140,,11/3/2023,Old Census Update
Nicaragua- 2023-11-03,Nicaragua,,,41,,11/3/2023,Old Census Update
Peru- 2023-11-03,Peru,Requesting Shelter (In Past Week),,3,,11/3/2023,Old Census Update
Peru- 2023-11-03,Peru,,,64,,11/3/2023,Old Census Update
Haiti- 2023-11-03,Haiti,,,190,,11/3/2023,Old Census Update
Honduras- 2023-11-03,Honduras,,,40,,11/3/2023,Old Census Update
Mauritania- 2023-11-03,Mauritania,,,14,,11/3/2023,Old Census Update
Mexico- 2023-11-03,Mexico,,,15,,11/3/2023,Old Census Update
Angola- 2023-11-03,Angola,,,19,,11/3/2023,Old Census Update
Cuba- 2023-11-03,Cuba,,,11,,11/3/2023,Old Census Update
Other- 2023-11-03,Other,,,10,,11/3/2023,Old Census Update
Unknown- 2023-11-03,Unknown,Requesting Shelter (In Past Week),,6,,11/3/2023,Old Census Update
Unknown- 2023-11-03,Unknown,,,2432,,11/3/2023,Old Census Update
- 2023-10-27,,Exited Shelter (To Date),,6523,,10/27/2023,Old Census Update
- 2023-10-27,,People Arrivals (To Date),,19500,,10/27/2023,Old Census Update
- 2023-10-27,,In Shelter (Current),Single Men,2883,,10/27/2023,Old Census Update
- 2023-10-27,,In Shelter (Current),Individuals in Family Unit,8400,,10/27/2023,Old Census Update
- 2023-10-27,,In Shelter (Current),Single Women,466,,10/27/2023,Old Census Update
- 2023-10-27,,People Arrivals Placed In Shelters by 311 (To Date),,5536,,10/27/2023,Old Census Update
- 2023-10-27,,Placed in Shelter (In Past Week),,471,,10/27/2023,Old Census Update
- 2023-10-27,,Arrived via TX-contracted buses (In Past Week),,646,,10/27/2023,Old Census Update
- 2023-10-27,,Arrived via TX-contracted buses with Personal Movement Plans (In Past Week),,329,,10/27/2023,Old Census Update
Venezuela- 2023-10-27,Venezuela,Requesting Shelter (In Past Week),,132,,10/27/2023,Old Census Update
Venezuela- 2023-10-27,Venezuela,,,9007,,10/27/2023,Old Census Update
Colombia- 2023-10-27,Colombia,Requesting Shelter (In Past Week),,5,,10/27/2023,Old Census Update
Colombia- 2023-10-27,Colombia,,,439,,10/27/2023,Old Census Update
Ecuador- 2023-10-27,Ecuador,,,133,,10/27/2023,Old Census Update
Nicaragua- 2023-10-27,Nicaragua,,,41,,10/27/2023,Old Census Update
Peru- 2023-10-27,Peru,,,61,,10/27/2023,Old Census Update
Haiti- 2023-10-27,Haiti,,,194,,10/27/2023,Old Census Update
Honduras- 2023-10-27,Honduras,,,37,,10/27/2023,Old Census Update
Mauritania- 2023-10-27,Mauritania,,,14,,10/27/2023,Old Census Update
Mexico- 2023-10-27,Mexico,,,15,,10/27/2023,Old Census Update
Angola- 2023-10-27,Angola,,,19,,10/27/2023,Old Census Update
Africa- 2023-10-27,Africa,Requesting Shelter (In Past Week),,1,,10/27/2023,Old Census Update
Cuba- 2023-10-27,Cuba,,,11,,10/27/2023,Old Census Update
Other- 2023-10-27,Other,,,10,,10/27/2023,Old Census Update
Unknown- 2023-10-27,Unknown,Requesting Shelter (In Past Week),,13,,10/27/2023,Old Census Update
Unknown- 2023-10-27,Unknown,,,2325,,10/27/2023,Old Census Update
- 2023-10-20,,Exited Shelter (To Date),,6523,,10/20/2023,Old Census Update
- 2023-10-20,,People Arrivals (To Date),,18500,,10/20/2023,Old Census Update
- 2023-10-20,,In Shelter (Current),Single Men,2678,,10/20/2023,Old Census Update
- 2023-10-20,,In Shelter (Current),Single Women,465,,10/20/2023,Old Census Update
- 2023-10-20,,In Shelter (Current),Individuals in Family Unit,8135,,10/20/2023,Old Census Update
- 2023-10-20,,People Arrivals Placed In Shelters by 311 (To Date),,5282,,10/20/2023,Old Census Update
- 2023-10-20,,Arrived via TX-contracted buses (In Past Week),,1180,,10/20/2023,Old Census Update
- 2023-10-20,,Arrived via TX-contracted buses with Personal Movement Plans (In Past Week),,527,,10/20/2023,Old Census Update
Venezuela- 2023-10-20,Venezuela,,,8639,,10/20/2023,Old Census Update
Venezuela- 2023-10-20,Venezuela,Requesting Shelter (In Past Week),,129,,10/20/2023,Old Census Update
Colombia- 2023-10-20,Colombia,Requesting Shelter (In Past Week),,5,,10/20/2023,Old Census Update
Colombia- 2023-10-20,Colombia,,,425,,10/20/2023,Old Census Update
Ecuador- 2023-10-20,Ecuador,Requesting Shelter (In Past Week),,3,,10/20/2023,Old Census Update
Ecuador- 2023-10-20,Ecuador,,,126,,10/20/2023,Old Census Update
Nicaragua- 2023-10-20,Nicaragua,,,40,,10/20/2023,Old Census Update
Peru- 2023-10-20,Peru,,,57,,10/20/2023,Old Census Update
Haiti- 2023-10-20,Haiti,,,192,,10/20/2023,Old Census Update
Honduras- 2023-10-20,Honduras,,,39,,10/20/2023,Old Census Update
Honduras- 2023-10-20,Honduras,Requesting Shelter (In Past Week),,1,,10/20/2023,Old Census Update
Mauritania- 2023-10-20,Mauritania,,,14,,10/20/2023,Old Census Update
Mexico- 2023-10-20,Mexico,Requesting Shelter (In Past Week),,2,,10/20/2023,Old Census Update
Mexico- 2023-10-20,Mexico,,,16,,10/20/2023,Old Census Update
Angola- 2023-10-20,Angola,,,19,,10/20/2023,Old Census Update
Brazil- 2023-10-20,Brazil,,,10,,10/20/2023,Old Census Update
Cuba- 2023-10-20,Cuba,,,11,,10/20/2023,Old Census Update
Other- 2023-10-20,Other,,,10,,10/20/2023,Old Census Update
Unknown- 2023-10-20,Unknown,Requesting Shelter (In Past Week),,4,,10/20/2023,Old Census Update
Unknown- 2023-10-20,Unknown,,,2216,,10/20/2023,Old Census Update
- 2023-10-13,,Exited Shelter (To Date),,6041,,10/13/2023,Old Census Update
- 2023-10-13,,People Arrivals (To Date),,18500,,10/13/2023,Old Census Update
- 2023-10-13,,In Shelter (Current),Single Men,2637,,10/13/2023,Old Census Update
- 2023-10-13,,In Shelter (Current),Single Women,443,,10/13/2023,Old Census Update
- 2023-10-13,,In Shelter (Current),Individuals in Family Unit,7962,,10/13/2023,Old Census Update
- 2023-10-13,,People Arrivals Placed In Shelters by 311 (To Date),,5096,,10/13/2023,Old Census Update
- 2023-10-13,,Placed in Shelter (In Past Week),,850,,10/13/2023,Old Census Update
- 2023-10-13,,Arrived via TX-contracted buses (In Past Week),,1739,,10/13/2023,Old Census Update
- 2023-10-13,,Arrived via TX-contracted buses with Personal Movement Plans (In Past Week),,820,,10/13/2023,Old Census Update
Venezuela- 2023-10-13,Venezuela,,,7594,,10/13/2023,Old Census Update
Venezuela- 2023-10-13,Venezuela,Requesting Shelter (In Past Week),,135,,10/13/2023,Old Census Update
Colombia- 2023-10-13,Colombia,Requesting Shelter (In Past Week),,7,,10/13/2023,Old Census Update
Colombia- 2023-10-13,Colombia,,,393,,10/13/2023,Old Census Update
Ecuador- 2023-10-13,Ecuador,Requesting Shelter (In Past Week),,1,,10/13/2023,Old Census Update
Ecuador- 2023-10-13,Ecuador,,,112,,10/13/2023,Old Census Update
Nicaragua- 2023-10-13,Nicaragua,,,40,,10/13/2023,Old Census Update
Peru- 2023-10-13,Peru,,,47,,10/13/2023,Old Census Update
Haiti- 2023-10-13,Haiti,,,167,,10/13/2023,Old Census Update
Honduras- 2023-10-13,Honduras,,,40,,10/13/2023,Old Census Update
Mauritania- 2023-10-13,Mauritania,,,13,,10/13/2023,Old Census Update
Mexico- 2023-10-13,Mexico,,,18,,10/13/2023,Old Census Update
Angola- 2023-10-13,Angola,,,19,,10/13/2023,Old Census Update
Guatemala- 2023-10-13,Guatemala,,,10,,10/13/2023,Old Census Update
Brazil- 2023-10-13,Brazil,,,10,,10/13/2023,Old Census Update
Africa- 2023-10-13,Africa,Requesting Shelter (In Past Week),,3,,10/13/2023,Old Census Update
Other- 2023-10-13,Other,,,10,,10/13/2023,Old Census Update
Unknown- 2023-10-13,Unknown,Requesting Shelter (In Past Week),,5,,10/13/2023,Old Census Update
Unknown- 2023-10-13,Unknown,,,2215,,10/13/2023,Old Census Update
- 2023-10-06,,Exited Shelter (To Date),,5498,,10/6/2023,Old Census Update
- 2023-10-06,,People Arrivals (To Date),,18000,,10/6/2023,Old Census Update
- 2023-10-06,,In Shelter (Current),Single Men,2490,,10/6/2023,Old Census Update
- 2023-10-06,,In Shelter (Current),Single Women,449,,10/6/2023,Old Census Update
- 2023-10-06,,In Shelter (Current),Individuals in Family Unit,7281,,10/6/2023,Old Census Update
- 2023-10-06,,People Arrivals Placed In Shelters by 311 (To Date),,5086,,10/6/2023,Old Census Update
- 2023-10-06,,Placed in Shelter (In Past Week),,1000,,10/6/2023,Old Census Update
- 2023-10-06,,Arrived via TX-contracted buses (In Past Week),,2910,,10/6/2023,Old Census Update
- 2023-10-06,,Arrived via TX-contracted buses with Personal Movement Plans (In Past Week),,850,,10/6/2023,Old Census Update
Venezuela- 2023-10-06,Venezuela,,,7594,,10/6/2023,Old Census Update
Venezuela- 2023-10-06,Venezuela,Requesting Shelter (In Past Week),,404,,10/6/2023,Old Census Update
Colombia- 2023-10-06,Colombia,Requesting Shelter (In Past Week),,17,,10/6/2023,Old Census Update
Colombia- 2023-10-06,Colombia,,,393,,10/6/2023,Old Census Update
Ecuador- 2023-10-06,Ecuador,Requesting Shelter (In Past Week),,3,,10/6/2023,Old Census Update
Ecuador- 2023-10-06,Ecuador,,,112,,10/6/2023,Old Census Update
Nicaragua- 2023-10-06,Nicaragua,,,40,,10/6/2023,Old Census Update
Peru- 2023-10-06,Peru,,,47,,10/6/2023,Old Census Update
Haiti- 2023-10-06,Haiti,,,167,,10/6/2023,Old Census Update
Honduras- 2023-10-06,Honduras,Requesting Shelter (In Past Week),,1,,10/6/2023,Old Census Update
Honduras- 2023-10-06,Honduras,,,40,,10/6/2023,Old Census Update
Mauritania- 2023-10-06,Mauritania,,,13,,10/6/2023,Old Census Update
Mexico- 2023-10-06,Mexico,,,18,,10/6/2023,Old Census Update
Angola- 2023-10-06,Angola,,,19,,10/6/2023,Old Census Update
Guatemala- 2023-10-06,Guatemala,,,10,,10/6/2023,Old Census Update
Brazil- 2023-10-06,Brazil,,,10,,10/6/2023,Old Census Update
Other- 2023-10-06,Other,,,10,,10/6/2023,Old Census Update
Unknown- 2023-10-06,Unknown,Requesting Shelter (In Past Week),,2,,10/6/2023,Old Census Update
Unknown- 2023-10-06,Unknown,,,2215,,10/6/2023,Old Census Update
- 2023-09-29,,Exited Shelter (To Date),,5498,,9/29/2023,Old Census Update
- 2023-09-29,,People Arrivals (To Date),,15500,,9/29/2023,Old Census Update
- 2023-09-29,,In Shelter (Current),Single Men,2488,,9/29/2023,Old Census Update
- 2023-09-29,,In Shelter (Current),Single Women,446,,9/29/2023,Old Census Update
- 2023-09-29,,In Shelter (Current),Individuals in Family Unit,6427,,9/29/2023,Old Census Update
- 2023-09-29,,People Arrivals Placed In Shelters by 311 (To Date),,4939,,9/29/2023,Old Census Update
- 2023-09-29,,Arrived via TX-contracted buses (In Past Week),,1532,,9/29/2023,Old Census Update
- 2023-09-29,,Placed in Shelter (In Past Week),,1000,,9/29/2023,Old Census Update
- 2023-09-29,,Arrived via TX-contracted buses with Personal Movement Plans (In Past Week),,820,,9/29/2023,Old Census Update
Venezuela- 2023-09-29,Venezuela,Requesting Shelter (In Past Week),,280,,9/29/2023,Old Census Update
Venezuela- 2023-09-29,Venezuela,,,6816,,9/29/2023,Old Census Update
Colombia- 2023-09-29,Colombia,,,384,,9/29/2023,Old Census Update
Colombia- 2023-09-29,Colombia,Requesting Shelter (In Past Week),,7,,9/29/2023,Old Census Update
Ecuador- 2023-09-29,Ecuador,,,100,,9/29/2023,Old Census Update
Ecuador- 2023-09-29,Ecuador,Requesting Shelter (In Past Week),,3,,9/29/2023,Old Census Update
Nicaragua- 2023-09-29,Nicaragua,,,45,,9/29/2023,Old Census Update
Peru- 2023-09-29,Peru,,,42,,9/29/2023,Old Census Update
Haiti- 2023-09-29,Haiti,,,167,,9/29/2023,Old Census Update
Honduras- 2023-09-29,Honduras,,,35,,9/29/2023,Old Census Update
Mauritania- 2023-09-29,Mauritania,,,12,,9/29/2023,Old Census Update
Mexico- 2023-09-29,Mexico,Requesting Shelter (In Past Week),,3,,9/29/2023,Old Census Update
Mexico- 2023-09-29,Mexico,,,17,,9/29/2023,Old Census Update
Angola- 2023-09-29,Angola,,,20,,9/29/2023,Old Census Update
Guatemala- 2023-09-29,Guatemala,,,10,,9/29/2023,Old Census Update
Brazil- 2023-09-29,Brazil,,,10,,9/29/2023,Old Census Update
Unknown- 2023-09-29,Unknown,Requesting Shelter (In Past Week),,15,,9/29/2023,Old Census Update
- 2023-09-22,,Exited Shelter (To Date),,5322,,9/22/2023,Old Census Update
- 2023-09-22,,People Arrivals (To Date),,14500,,9/22/2023,Old Census Update
- 2023-09-22,,In Shelter (Current),Single Men,2469,,9/22/2023,Old Census Update
- 2023-09-22,,In Shelter (Current),Single Women,416,,9/22/2023,Old Census Update
- 2023-09-22,,In Shelter (Current),Individuals in Family Unit,5475,,9/22/2023,Old Census Update
- 2023-09-22,,People Arrivals Placed In Shelters by 311 (To Date),,4820,,9/22/2023,Old Census Update
- 2023-09-22,,Arrived via TX-contracted buses (In Past Week),,826,,9/22/2023,Old Census Update
- 2023-09-22,,Arrived via TX-contracted buses with Personal Movement Plans (In Past Week),,480,,9/22/2023,Old Census Update
- 2023-09-22,,Placed in Shelter (In Past Week),,1000,,9/22/2023,Old Census Update
Venezuela- 2023-09-22,Venezuela,Requesting Shelter (In Past Week),,257,,9/22/2023,Old Census Update
Venezuela- 2023-09-22,Venezuela,,,6208,,9/22/2023,Old Census Update
Colombia- 2023-09-22,Colombia,Requesting Shelter (In Past Week),,18,,9/22/2023,Old Census Update
Colombia- 2023-09-22,Colombia,,,346,,9/22/2023,Old Census Update
Ecuador- 2023-09-22,Ecuador,Requesting Shelter (In Past Week),,13,,9/22/2023,Old Census Update
Ecuador- 2023-09-22,Ecuador,,,87,,9/22/2023,Old Census Update
Nicaragua- 2023-09-22,Nicaragua,,,49,,9/22/2023,Old Census Update
Peru- 2023-09-22,Peru,,,39,,9/22/2023,Old Census Update
Haiti- 2023-09-22,Haiti,,,154,,9/22/2023,Old Census Update
Honduras- 2023-09-22,Honduras,Requesting Shelter (In Past Week),,1,,9/22/2023,Old Census Update
Honduras- 2023-09-22,Honduras,,,40,,9/22/2023,Old Census Update
Mauritania- 2023-09-22,Mauritania,,,12,,9/22/2023,Old Census Update
Mexico- 2023-09-22,Mexico,,,14,,9/22/2023,Old Census Update
Angola- 2023-09-22,Angola,,,20,,9/22/2023,Old Census Update
Africa- 2023-09-22,Africa,Requesting Shelter (In Past Week),,1,,9/22/2023,Old Census Update
Other- 2023-09-22,Other,,,10,,9/22/2023,Old Census Update
Unknown- 2023-09-22,Unknown,Requesting Shelter (In Past Week),,12,,9/22/2023,Old Census Update
Unknown- 2023-09-22,Unknown,,,2085,,9/22/2023,Old Census Update
- 2023-09-15,,Exited Shelter (To Date),,5119,,9/15/2023,Old Census Update
- 2023-09-15,,In Shelter (Current),Single Women,411,,9/15/2023,Old Census Update
- 2023-09-15,,In Shelter (Current),Single Men,2260,,9/15/2023,Old Census Update
- 2023-09-15,,In Shelter (Current),Individuals in Family Unit,4759,,9/15/2023,Old Census Update
- 2023-09-15,,People Arrivals (To Date),,14000,,9/15/2023,Old Census Update
- 2023-09-15,,People Arrivals Placed In Shelters by 311 (To Date),,4717,,9/15/2023,Old Census Update
- 2023-09-15,,Arrived via TX-contracted buses (In Past Week),,602,,9/15/2023,Old Census Update
- 2023-09-15,,Arrived via TX-contracted buses with Personal Movement Plans (In Past Week),,495,,9/15/2023,Old Census Update
- 2023-09-15,,Placed in Shelter (In Past Week),,400,,9/15/2023,Old Census Update
Venezuela- 2023-09-15,Venezuela,,,4928,,9/15/2023,Old Census Update
Venezuela- 2023-09-15,Venezuela,Requesting Shelter (In Past Week),,113,,9/15/2023,Old Census Update
Colombia- 2023-09-15,Colombia,,,306,,9/15/2023,Old Census Update
Colombia- 2023-09-15,Colombia,Requesting Shelter (In Past Week),,3,,9/15/2023,Old Census Update
Ecuador- 2023-09-15,Ecuador,,,63,,9/15/2023,Old Census Update
Ecuador- 2023-09-15,Ecuador,Requesting Shelter (In Past Week),,12,,9/15/2023,Old Census Update
Nicaragua- 2023-09-15,Nicaragua,,,49,,9/15/2023,Old Census Update
Peru- 2023-09-15,Peru,,,34,,9/15/2023,Old Census Update
Haiti- 2023-09-15,Haiti,,,80,,9/15/2023,Old Census Update
Honduras- 2023-09-15,Honduras,,,29,,9/15/2023,Old Census Update
Mauritania- 2023-09-15,Mauritania,,,10,,9/15/2023,Old Census Update
Mexico- 2023-09-15,Mexico,,,19,,9/15/2023,Old Census Update
Mexico- 2023-09-15,Mexico,Requesting Shelter (In Past Week),,1,,9/15/2023,Old Census Update
Angola- 2023-09-15,Angola,,,19,,9/15/2023,Old Census Update
Other- 2023-09-15,Other,,,10,,9/15/2023,Old Census Update
Unknown- 2023-09-15,Unknown,,,1888,,9/15/2023,Old Census Update
Unknown- 2023-09-15,Unknown,Requesting Shelter (In Past Week),,4,,9/15/2023,Old Census Update
- 2023-09-08,,In Shelter (Current),Single Men,2265,,9/8/2023,Old Census Update
- 2023-09-08,,In Shelter (Current),Single Women,409,,9/8/2023,Old Census Update
- 2023-09-08,,In Shelter (Current),Individuals in Family Unit,4306,,9/8/2023,Old Census Update
- 2023-09-08,,Exited Shelter (To Date),,4840,,9/8/2023,Old Census Update
- 2023-09-08,,People Arrivals (To Date),,13500,,9/8/2023,Old Census Update
- 2023-09-08,,People Arrivals Placed In Shelters by 311 (To Date),,4706,,9/8/2023,Old Census Update
- 2023-09-08,,Arrived via TX-contracted buses (In Past Week),,518,,9/8/2023,Old Census Update
- 2023-09-08,,Arrived via TX-contracted buses with Personal Movement Plans (In Past Week),,309,,9/8/2023,Old Census Update
- 2023-09-08,,Placed in Shelter (In Past Week),,330,,9/8/2023,Old Census Update
Venezuela- 2023-09-08,Venezuela,Requesting Shelter (In Past Week),,381,,9/8/2023,Old Census Update
Venezuela- 2023-09-08,Venezuela,,,4713,,9/8/2023,Old Census Update
Colombia- 2023-09-08,Colombia,Requesting Shelter (In Past Week),,9,,9/8/2023,Old Census Update
Colombia- 2023-09-08,Colombia,,,3065,,9/8/2023,Old Census Update
Ecuador- 2023-09-08,Ecuador,Requesting Shelter (In Past Week),,7,,9/8/2023,Old Census Update
Ecuador- 2023-09-08,Ecuador,,,66,,9/8/2023,Old Census Update
Nicaragua- 2023-09-08,Nicaragua,,,48,,9/8/2023,Old Census Update
Peru- 2023-09-08,Peru,,,31,,9/8/2023,Old Census Update
Haiti- 2023-09-08,Haiti,Requesting Shelter (In Past Week),,21,,9/8/2023,Old Census Update
Haiti- 2023-09-08,Haiti,,,68,,9/8/2023,Old Census Update
Honduras- 2023-09-08,Honduras,Requesting Shelter (In Past Week),,1,,9/8/2023,Old Census Update
Honduras- 2023-09-08,Honduras,,,28,,9/8/2023,Old Census Update
Mexico- 2023-09-08,Mexico,Requesting Shelter (In Past Week),,5,,9/8/2023,Old Census Update
Mexico- 2023-09-08,Mexico,,,19,,9/8/2023,Old Census Update
Angola- 2023-09-08,Angola,,,22,,9/8/2023,Old Census Update
Africa- 2023-09-08,Africa,Requesting Shelter (In Past Week),,0,,9/8/2023,Old Census Update
Other- 2023-09-08,Other,,,10,,9/8/2023,Old Census Update
Unknown- 2023-09-08,Unknown,Requesting Shelter (In Past Week),,18,,9/8/2023,Old Census Update
Unknown- 2023-09-08,Unknown,,,1664,,9/8/2023,Old Census Update
- 2023-09-01,,Exited Shelter (To Date),,4499,,9/1/2023,Old Census Update
- 2023-09-01,,In Shelter (Current),Single Men,2268,,9/1/2023,Old Census Update
- 2023-09-01,,In Shelter (Current),Single Women,414,,9/1/2023,Old Census Update
- 2023-09-01,,In Shelter (Current),Individuals in Family Unit,3980,,9/1/2023,Old Census Update
- 2023-09-01,,People Arrivals (To Date),,13500,,9/1/2023,Old Census Update
- 2023-09-01,,Placed in Shelter (In Past Week),,120,,9/1/2023,Old Census Update
- 2023-09-01,,Arrived via TX-contracted buses with Personal Movement Plans (In Past Week),,290,,9/1/2023,Old Census Update
- 2023-09-01,,Arrived via TX-contracted buses (In Past Week),,482,,9/1/2023,Old Census Update
- 2023-09-01,,People Arrivals Placed In Shelters by 311 (To Date),,4661,,9/1/2023,Old Census Update
Venezuela- 2023-09-01,Venezuela,,,4625,,9/1/2023,Old Census Update
Venezuela- 2023-09-01,Venezuela,Requesting Shelter (In Past Week),,254,,9/1/2023,Old Census Update
Colombia- 2023-09-01,Colombia,,,306,,9/1/2023,Old Census Update
Colombia- 2023-09-01,Colombia,Requesting Shelter (In Past Week),,10,,9/1/2023,Old Census Update
Ecuador- 2023-09-01,Ecuador,,,63,,9/1/2023,Old Census Update
Nicaragua- 2023-09-01,Nicaragua,,,47,,9/1/2023,Old Census Update
Peru- 2023-09-01,Peru,,,32,,9/1/2023,Old Census Update
Haiti- 2023-09-01,Haiti,,,43,,9/1/2023,Old Census Update
Honduras- 2023-09-01,Honduras,,,33,,9/1/2023,Old Census Update
Honduras- 2023-09-01,Honduras,Requesting Shelter (In Past Week),,1,,9/1/2023,Old Census Update
Mexico- 2023-09-01,Mexico,,,19,,9/1/2023,Old Census Update
Mexico- 2023-09-01,Mexico,Requesting Shelter (In Past Week),,5,,9/1/2023,Old Census Update
Angola- 2023-09-01,Angola,,,22,,9/1/2023,Old Census Update
Other- 2023-09-01,Other,,,10,,9/1/2023,Old Census Update
Unknown- 2023-09-01,Unknown,,,1689,,9/1/2023,Old Census Update
Unknown- 2023-09-01,Unknown,Requesting Shelter (In Past Week),,10,,9/1/2023,Old Census Update
- 2023-08-25,,In Shelter (Current),Single Men,2286,,8/25/2023,Old Census Update
- 2023-08-25,,In Shelter (Current),Single Women,399,,8/25/2023,Old Census Update
- 2023-08-25,,In Shelter (Current),Individuals in Family Unit,3869,,8/25/2023,Old Census Update
- 2023-08-25,,Exited Shelter (To Date),,4225,,8/25/2023,Old Census Update
- 2023-08-25,,People Arrivals (To Date),,13000,,8/25/2023,Old Census Update
- 2023-08-25,,Placed in Shelter (In Past Week),,142,,8/25/2023,Old Census Update
- 2023-08-25,,Arrived via TX-contracted buses with Personal Movement Plans (In Past Week),,248,,8/25/2023,Old Census Update
- 2023-08-25,,Arrived via TX-contracted buses (In Past Week),,345,,8/25/2023,Old Census Update
- 2023-08-25,,People Arrivals Placed In Shelters by 311 (To Date),,4627,,8/25/2023,Old Census Update
Venezuela- 2023-08-25,Venezuela,Requesting Shelter (In Past Week),,116,,8/25/2023,Old Census Update
Venezuela- 2023-08-25,Venezuela,,,4577,,8/25/2023,Old Census Update
Colombia- 2023-08-25,Colombia,,,299,,8/25/2023,Old Census Update
Colombia- 2023-08-25,Colombia,Requesting Shelter (In Past Week),,6,,8/25/2023,Old Census Update
Ecuador- 2023-08-25,Ecuador,,,62,,8/25/2023,Old Census Update
Nicaragua- 2023-08-25,Nicaragua,,,49,,8/25/2023,Old Census Update
Peru- 2023-08-25,Peru,,,32,,8/25/2023,Old Census Update
Haiti- 2023-08-25,Haiti,,,43,,8/25/2023,Old Census Update
Haiti- 2023-08-25,Haiti,Requesting Shelter (In Past Week),,1,,8/25/2023,Old Census Update
Honduras- 2023-08-25,Honduras,,,27,,8/25/2023,Old Census Update
Honduras- 2023-08-25,Honduras,Requesting Shelter (In Past Week),,5,,8/25/2023,Old Census Update
Mexico- 2023-08-25,Mexico,,,18,,8/25/2023,Old Census Update
Mexico- 2023-08-25,Mexico,Requesting Shelter (In Past Week),,9,,8/25/2023,Old Census Update
Angola- 2023-08-25,Angola,,,20,,8/25/2023,Old Census Update
El Salvador- 2023-08-25,El Salvador,,,10,,8/25/2023,Old Census Update
Other- 2023-08-25,Other,,,10,,8/25/2023,Old Census Update
Unknown- 2023-08-25,Unknown,,,1592,,8/25/2023,Old Census Update
- 2023-08-18,,In Shelter (Current),Single Men,2212,,8/18/2023,Old Census Update
- 2023-08-18,,In Shelter (Current),Single Women,394,,8/18/2023,Old Census Update
- 2023-08-18,,In Shelter (Current),Individuals in Family Unit,3754,,8/18/2023,Old Census Update
- 2023-08-18,,Exited Shelter (To Date),,4124,,8/18/2023,Old Census Update
- 2023-08-18,,People Arrivals (To Date),,13000,,8/18/2023,Old Census Update
- 2023-08-18,,Placed in Shelter (In Past Week),,426,,8/18/2023,Old Census Update
- 2023-08-18,,Arrived via TX-contracted buses with Personal Movement Plans (In Past Week),,393,,8/18/2023,Old Census Update
- 2023-08-18,,Arrived via TX-contracted buses (In Past Week),,540,,8/18/2023,Old Census Update
- 2023-08-18,,People Arrivals Placed In Shelters by 311 (To Date),,4576,,8/18/2023,Old Census Update
Venezuela- 2023-08-18,Venezuela,,,4469,,8/18/2023,Old Census Update
Venezuela- 2023-08-18,Venezuela,Requesting Shelter (In Past Week),,116,,8/18/2023,Old Census Update
Colombia- 2023-08-18,Colombia,,,306,,8/18/2023,Old Census Update
Colombia- 2023-08-18,Colombia,Requesting Shelter (In Past Week),,5,,8/18/2023,Old Census Update
Ecuador- 2023-08-18,Ecuador,,,65,,8/18/2023,Old Census Update
Ecuador- 2023-08-18,Ecuador,Requesting Shelter (In Past Week),,9,,8/18/2023,Old Census Update
Nicaragua- 2023-08-18,Nicaragua,,,55,,8/18/2023,Old Census Update
Peru- 2023-08-18,Peru,,,33,,8/18/2023,Old Census Update
Honduras- 2023-08-18,Honduras,,,26,,8/18/2023,Old Census Update
Honduras- 2023-08-18,Honduras,Requesting Shelter (In Past Week),,1,,8/18/2023,Old Census Update
Mexico- 2023-08-18,Mexico,,,17,,8/18/2023,Old Census Update
Angola- 2023-08-18,Angola,,,20,,8/18/2023,Old Census Update
El Salvador- 2023-08-18,El Salvador,,,10,,8/18/2023,Old Census Update
Other- 2023-08-18,Other,,,10,,8/18/2023,Old Census Update
Unknown- 2023-08-18,Unknown,,,1574,,8/18/2023,Old Census Update
Unknown- 2023-08-18,Unknown,Requesting Shelter (In Past Week),,6,,8/18/2023,Old Census Update
- 2023-08-11,,In Shelter (Current),Single Men,2204,,8/11/2023,Old Census Update
- 2023-08-11,,Exited Shelter (To Date),,3995,,8/11/2023,Old Census Update
- 2023-08-11,,In Shelter (Current),Single Women,392,,8/11/2023,Old Census Update
- 2023-08-11,,In Shelter (Current),Individuals in Family Unit,3532,,8/11/2023,Old Census Update
- 2023-08-11,,People Arrivals (To Date),,12000,,8/11/2023,Old Census Update
- 2023-08-11,,Placed in Shelter (In Past Week),,426,,8/11/2023,Old Census Update
- 2023-08-11,,Arrived via TX-contracted buses with Personal Movement Plans (In Past Week),,200,,8/11/2023,Old Census Update
- 2023-08-11,,Arrived via TX-contracted buses (In Past Week),,310,,8/11/2023,Old Census Update
- 2023-08-11,,People Arrivals Placed In Shelters by 311 (To Date),,4556,,8/11/2023,Old Census Update
Venezuela- 2023-08-11,Venezuela,,,4205,,8/11/2023,Old Census Update
Venezuela- 2023-08-11,Venezuela,Requesting Shelter (In Past Week),,113,,8/11/2023,Old Census Update
Colombia- 2023-08-11,Colombia,,,295,,8/11/2023,Old Census Update
Colombia- 2023-08-11,Colombia,Requesting Shelter (In Past Week),,3,,8/11/2023,Old Census Update
Ecuador- 2023-08-11,Ecuador,,,56,,8/11/2023,Old Census Update
Ecuador- 2023-08-11,Ecuador,Requesting Shelter (In Past Week),,9,,8/11/2023,Old Census Update
Nicaragua- 2023-08-11,Nicaragua,,,55,,8/11/2023,Old Census Update
Peru- 2023-08-11,Peru,,,32,,8/11/2023,Old Census Update
Peru- 2023-08-11,Peru,Requesting Shelter (In Past Week),,2,,8/11/2023,Old Census Update
Honduras- 2023-08-11,Honduras,,,23,,8/11/2023,Old Census Update
Honduras- 2023-08-11,Honduras,Requesting Shelter (In Past Week),,1,,8/11/2023,Old Census Update
Mexico- 2023-08-11,Mexico,,,15,,8/11/2023,Old Census Update
Mexico- 2023-08-11,Mexico,Requesting Shelter (In Past Week),,7,,8/11/2023,Old Census Update
Angola- 2023-08-11,Angola,,,17,,8/11/2023,Old Census Update
El Salvador- 2023-08-11,El Salvador,,,10,,8/11/2023,Old Census Update
Other- 2023-08-11,Other,,,10,,8/11/2023,Old Census Update
Unknown- 2023-08-11,Unknown,,,1526,,8/11/2023,Old Census Update
Unknown- 2023-08-11,Unknown,Requesting Shelter (In Past Week),,2,,8/11/2023,Old Census Update
- 2023-08-04,,In Shelter (Current),Single Men,2206,,8/4/2023,Old Census Update
- 2023-08-04,,Exited Shelter (To Date),,3840,,8/4/2023,Old Census Update
- 2023-08-04,,In Shelter (Current),Single Women,375,,8/4/2023,Old Census Update
- 2023-08-04,,In Shelter (Current),Individuals in Family Unit,3473,,8/4/2023,Old Census Update
- 2023-08-04,,People Arrivals (To Date),,12000,,8/4/2023,Old Census Update
- 2023-08-04,,Placed in Shelter (In Past Week),,426,,8/4/2023,Old Census Update
- 2023-08-04,,Arrived via TX-contracted buses with Personal Movement Plans (In Past Week),,204,,8/4/2023,Old Census Update
- 2023-08-04,,Arrived via TX-contracted buses (In Past Week),,278,,8/4/2023,Old Census Update
- 2023-08-04,,People Arrivals Placed In Shelters by 311 (To Date),,4416,,8/4/2023,Old Census Update
Venezuela- 2023-08-04,Venezuela,,,4175,,8/4/2023,Old Census Update
Venezuela- 2023-08-04,Venezuela,Requesting Shelter (In Past Week),,128,,8/4/2023,Old Census Update
Colombia- 2023-08-04,Colombia,,,298,,8/4/2023,Old Census Update
Ecuador- 2023-08-04,Ecuador,,,53,,8/4/2023,Old Census Update
Nicaragua- 2023-08-04,Nicaragua,,,53,,8/4/2023,Old Census Update
Peru- 2023-08-04,Peru,,,34,,8/4/2023,Old Census Update
Honduras- 2023-08-04,Honduras,,,22,,8/4/2023,Old Census Update
Mexico- 2023-08-04,Mexico,Requesting Shelter (In Past Week),,1,,8/4/2023,Old Census Update
Mexico- 2023-08-04,Mexico,,,15,,8/4/2023,Old Census Update
Angola- 2023-08-04,Angola,,,17,,8/4/2023,Old Census Update
Africa- 2023-08-04,Africa,Requesting Shelter (In Past Week),,1,,8/4/2023,Old Census Update
Chile- 2023-08-04,Chile,Requesting Shelter (In Past Week),,1,,8/4/2023,Old Census Update
El Salvador- 2023-08-04,El Salvador,,,10,,8/4/2023,Old Census Update
Other- 2023-08-04,Other,Requesting Shelter (In Past Week),,2,,8/4/2023,Old Census Update
Other- 2023-08-04,Other,,,10,,8/4/2023,Old Census Update
Unknown- 2023-08-04,Unknown,,,1506,,8/4/2023,Old Census Update
- 2023-07-28,,In Shelter (Current),Single Men,2214,,7/28/2023,Old Census Update
- 2023-07-28,,In Shelter (Current),Single Women,369,,7/28/2023,Old Census Update
- 2023-07-28,,In Shelter (Current),Individuals in Family Unit,3180,,7/28/2023,Old Census Update
- 2023-07-28,,Exited Shelter (To Date),,3670,,7/28/2023,Old Census Update
- 2023-07-28,,People Arrivals (To Date),,11500,,7/28/2023,Old Census Update
- 2023-07-28,,Placed in Shelter (In Past Week),,354,,7/28/2023,Old Census Update
- 2023-07-28,,Arrived via TX-contracted buses with Personal Movement Plans (In Past Week),,128,,7/28/2023,Old Census Update
- 2023-07-28,,Arrived via TX-contracted buses (In Past Week),,261,,7/28/2023,Old Census Update
- 2023-07-28,,People Arrivals Placed In Shelters by 311 (To Date),,4329,,7/28/2023,Old Census Update
Venezuela- 2023-07-28,Venezuela,,,3944,,7/28/2023,Old Census Update
Venezuela- 2023-07-28,Venezuela,Requesting Shelter (In Past Week),,84,,7/28/2023,Old Census Update
Colombia- 2023-07-28,Colombia,,,296,,7/28/2023,Old Census Update
Colombia- 2023-07-28,Colombia,Requesting Shelter (In Past Week),,4,,7/28/2023,Old Census Update
Ecuador- 2023-07-28,Ecuador,,,58,,7/28/2023,Old Census Update
Ecuador- 2023-07-28,Ecuador,Requesting Shelter (In Past Week),,5,,7/28/2023,Old Census Update
Nicaragua- 2023-07-28,Nicaragua,,,56,,7/28/2023,Old Census Update
Peru- 2023-07-28,Peru,,,34,,7/28/2023,Old Census Update
Honduras- 2023-07-28,Honduras,,,24,,7/28/2023,Old Census Update
Honduras- 2023-07-28,Honduras,Requesting Shelter (In Past Week),,3,,7/28/2023,Old Census Update
Mexico- 2023-07-28,Mexico,,,16,,7/28/2023,Old Census Update
Mexico- 2023-07-28,Mexico,Requesting Shelter (In Past Week),,4,,7/28/2023,Old Census Update
Angola- 2023-07-28,Angola,,,17,,7/28/2023,Old Census Update
El Salvador- 2023-07-28,El Salvador,,,10,,7/28/2023,Old Census Update
El Salvador- 2023-07-28,El Salvador,Requesting Shelter (In Past Week),,3,,7/28/2023,Old Census Update
Other- 2023-07-28,Other,,,10,,7/28/2023,Old Census Update
Other- 2023-07-28,Other,Requesting Shelter (In Past Week),,1,,7/28/2023,Old Census Update
Unknown- 2023-07-28,Unknown,,,1472,,7/28/2023,Old Census Update
Unknown- 2023-07-28,Unknown,Requesting Shelter (In Past Week),,5,,7/28/2023,Old Census Update
- 2023-07-21,,In Shelter (Current),Single Men,2119,,7/21/2023,Old Census Update
- 2023-07-21,,In Shelter (Current),Single Women,359,,7/21/2023,Old Census Update
- 2023-07-21,,In Shelter (Current),Individuals in Family Unit,2933,,7/21/2023,Old Census Update
- 2023-07-21,,Exited Shelter (To Date),,3465,,7/21/2023,Old Census Update
- 2023-07-21,,People Arrivals (To Date),,11500,,7/21/2023,Old Census Update
- 2023-07-21,,Placed in Shelter (In Past Week),,364,,7/21/2023,Old Census Update
- 2023-07-21,,Arrived via TX-contracted buses with Personal Movement Plans (In Past Week),,119,,7/21/2023,Old Census Update
- 2023-07-21,,Arrived via TX-contracted buses (In Past Week),,319,,7/21/2023,Old Census Update
- 2023-07-21,,People Arrivals Placed In Shelters by 311 (To Date),,4251,,7/21/2023,Old Census Update
Venezuela- 2023-07-21,Venezuela,Requesting Shelter (In Past Week),,70,,7/21/2023,Old Census Update
Venezuela- 2023-07-21,Venezuela,,,3782,,7/21/2023,Old Census Update
Colombia- 2023-07-21,Colombia,,,312,,7/21/2023,Old Census Update
Colombia- 2023-07-21,Colombia,Requesting Shelter (In Past Week),,8,,7/21/2023,Old Census Update
Ecuador- 2023-07-21,Ecuador,,,50,,7/21/2023,Old Census Update
Ecuador- 2023-07-21,Ecuador,Requesting Shelter (In Past Week),,3,,7/21/2023,Old Census Update
Nicaragua- 2023-07-21,Nicaragua,,,55,,7/21/2023,Old Census Update
Peru- 2023-07-21,Peru,,,31,,7/21/2023,Old Census Update
Honduras- 2023-07-21,Honduras,,,21,,7/21/2023,Old Census Update
Mexico- 2023-07-21,Mexico,,,16,,7/21/2023,Old Census Update
Angola- 2023-07-21,Angola,,,17,,7/21/2023,Old Census Update
Guatemala- 2023-07-21,Guatemala,Requesting Shelter (In Past Week),,1,,7/21/2023,Old Census Update
El Salvador- 2023-07-21,El Salvador,,,10,,7/21/2023,Old Census Update
El Salvador- 2023-07-21,El Salvador,Requesting Shelter (In Past Week),,3,,7/21/2023,Old Census Update
Other- 2023-07-21,Other,,,10,,7/21/2023,Old Census Update
Other- 2023-07-21,Other,Requesting Shelter (In Past Week),,1,,7/21/2023,Old Census Update
Panama- 2023-07-21,Panama,Requesting Shelter (In Past Week),,1,,7/21/2023,Old Census Update
Unknown- 2023-07-21,Unknown,,,1456,,7/21/2023,Old Census Update
- 2023-07-14,,In Shelter (Current),Single Men,2058,,7/14/2023,Old Census Update
- 2023-07-14,,In Shelter (Current),Single Women,340,,7/14/2023,Old Census Update
- 2023-07-14,,In Shelter (Current),Individuals in Family Unit,2807,,7/14/2023,Old Census Update
- 2023-07-14,,Exited Shelter (To Date),,3246,,7/14/2023,Old Census Update
- 2023-07-14,,People Arrivals (To Date),,11000,,7/14/2023,Old Census Update
- 2023-07-14,,Placed in Shelter (In Past Week),,158,,7/14/2023,Old Census Update
- 2023-07-14,,Arrived via TX-contracted buses with Personal Movement Plans (In Past Week),,161,,7/14/2023,Old Census Update
- 2023-07-14,,Arrived via TX-contracted buses (In Past Week),,272,,7/14/2023,Old Census Update
- 2023-07-14,,People Arrivals Placed In Shelters by 311 (To Date),,4047,,7/14/2023,Old Census Update
Venezuela- 2023-07-14,Venezuela,Requesting Shelter (In Past Week),,219,,7/14/2023,Old Census Update
Venezuela- 2023-07-14,Venezuela,,,3677,,7/14/2023,Old Census Update
Colombia- 2023-07-14,Colombia,Requesting Shelter (In Past Week),,6,,7/14/2023,Old Census Update
Colombia- 2023-07-14,Colombia,,,322,,7/14/2023,Old Census Update
Ecuador- 2023-07-14,Ecuador,,,54,,7/14/2023,Old Census Update
Nicaragua- 2023-07-14,Nicaragua,,,55,,7/14/2023,Old Census Update
Peru- 2023-07-14,Peru,,,37,,7/14/2023,Old Census Update
Honduras- 2023-07-14,Honduras,,,18,,7/14/2023,Old Census Update
Mexico- 2023-07-14,Mexico,,,16,,7/14/2023,Old Census Update
Angola- 2023-07-14,Angola,,,17,,7/14/2023,Old Census Update
Guatemala- 2023-07-14,Guatemala,Requesting Shelter (In Past Week),,1,,7/14/2023,Old Census Update
El Salvador- 2023-07-14,El Salvador,,,10,,7/14/2023,Old Census Update
Other- 2023-07-14,Other,,,10,,7/14/2023,Old Census Update
Unknown- 2023-07-14,Unknown,,,1419,,7/14/2023,Old Census Update
- 2023-07-07,,Exited Shelter (To Date),,2542,,7/7/2023,Old Census Update
- 2023-07-07,,In Shelter (Current),Single Men,2034,,7/7/2023,Old Census Update
- 2023-07-07,,In Shelter (Current),Single Women,317,,7/7/2023,Old Census Update
- 2023-07-07,,In Shelter (Current),Individuals in Family Unit,2815,,7/7/2023,Old Census Update
- 2023-07-07,,People Arrivals (To Date),,11000,,7/7/2023,Old Census Update
- 2023-07-07,,People Arrivals Placed In Shelters by 311 (To Date),,3956,,7/7/2023,Old Census Update
- 2023-07-07,,Arrived via TX-contracted buses (In Past Week),,331,,7/7/2023,Old Census Update
- 2023-07-07,,Arrived via TX-contracted buses with Personal Movement Plans (In Past Week),,158,,7/7/2023,Old Census Update
- 2023-07-07,,Placed in Shelter (In Past Week),,235,,7/7/2023,Old Census Update
Venezuela- 2023-07-07,Venezuela,Requesting Shelter (In Past Week),,110,,7/7/2023,Old Census Update
Venezuela- 2023-07-07,Venezuela,,,3630,,7/7/2023,Old Census Update
Colombia- 2023-07-07,Colombia,Requesting Shelter (In Past Week),,1,,7/7/2023,Old Census Update
Colombia- 2023-07-07,Colombia,,,315,,7/7/2023,Old Census Update
Ecuador- 2023-07-07,Ecuador,,,54,,7/7/2023,Old Census Update
Nicaragua- 2023-07-07,Nicaragua,,,46,,7/7/2023,Old Census Update
Peru- 2023-07-07,Peru,,,35,,7/7/2023,Old Census Update
Honduras- 2023-07-07,Honduras,,,18,,7/7/2023,Old Census Update
Mexico- 2023-07-07,Mexico,,,16,,7/7/2023,Old Census Update
Angola- 2023-07-07,Angola,,,16,,7/7/2023,Old Census Update
Guatemala- 2023-07-07,Guatemala,Requesting Shelter (In Past Week),,1,,7/7/2023,Old Census Update
El Salvador- 2023-07-07,El Salvador,,,11,,7/7/2023,Old Census Update
Other- 2023-07-07,Other,,,10,,7/7/2023,Old Census Update
Unknown- 2023-07-07,Unknown,,,1363,,7/7/2023,Old Census Update
- 2023-06-30,,In Shelter (Current),Single Men,2011,,6/30/2023,Old Census Update
- 2023-06-30,,In Shelter (Current),Single Women,325,,6/30/2023,Old Census Update
- 2023-06-30,,In Shelter (Current),Individuals in Family Unit,2736,,6/30/2023,Old Census Update
- 2023-06-30,,People Arrivals (To Date),,11000,,6/30/2023,Old Census Update
- 2023-06-30,,Placed in Shelter (In Past Week),,56,,6/30/2023,Old Census Update
- 2023-06-30,,People Arrivals Placed In Shelters by 311 (To Date),,3868,,6/30/2023,Old Census Update
Venezuela- 2023-06-30,Venezuela,Requesting Shelter (In Past Week),,143,,6/30/2023,Old Census Update
Venezuela- 2023-06-30,Venezuela,,,3545,,6/30/2023,Old Census Update
Colombia- 2023-06-30,Colombia,,,338,,6/30/2023,Old Census Update
Ecuador- 2023-06-30,Ecuador,,,51,,6/30/2023,Old Census Update
Nicaragua- 2023-06-30,Nicaragua,Requesting Shelter (In Past Week),,7,,6/30/2023,Old Census Update
Nicaragua- 2023-06-30,Nicaragua,,,64,,6/30/2023,Old Census Update
Peru- 2023-06-30,Peru,,,36,,6/30/2023,Old Census Update
Honduras- 2023-06-30,Honduras,,,19,,6/30/2023,Old Census Update
Mexico- 2023-06-30,Mexico,Requesting Shelter (In Past Week),,1,,6/30/2023,Old Census Update
Mexico- 2023-06-30,Mexico,,,18,,6/30/2023,Old Census Update
Angola- 2023-06-30,Angola,,,12,,6/30/2023,Old Census Update
El Salvador- 2023-06-30,El Salvador,,,12,,6/30/2023,Old Census Update
Other- 2023-06-30,Other,Requesting Shelter (In Past Week),,4,,6/30/2023,Old Census Update
Other- 2023-06-30,Other,,,10,,6/30/2023,Old Census Update
Unknown- 2023-06-30,Unknown,Requesting Shelter (In Past Week),,6,,6/30/2023,Old Census Update
Unknown- 2023-06-30,Unknown,,,1315,,6/30/2023,Old Census Update
- 2023-06-23,,In Shelter (Current),Single Women,300,,6/23/2023,Old Census Update
- 2023-06-23,,In Shelter (Current),Single Men,1870,,6/23/2023,Old Census Update
- 2023-06-23,,In Shelter (Current),Individuals in Family Unit,2708,,6/23/2023,Old Census Update
- 2023-06-23,,People Arrivals (To Date),,10500,,6/23/2023,Old Census Update
- 2023-06-23,,Placed in Shelter (In Past Week),,105,,6/23/2023,Old Census Update
- 2023-06-23,,People Arrivals Placed In Shelters by 311 (To Date),,3817,,6/23/2023,Old Census Update
Venezuela- 2023-06-23,Venezuela,Requesting Shelter (In Past Week),,107,,6/23/2023,Old Census Update
Venezuela- 2023-06-23,Venezuela,,,3422,,6/23/2023,Old Census Update
Colombia- 2023-06-23,Colombia,Requesting Shelter (In Past Week),,2,,6/23/2023,Old Census Update
Colombia- 2023-06-23,Colombia,,,334,,6/23/2023,Old Census Update
Ecuador- 2023-06-23,Ecuador,Requesting Shelter (In Past Week),,1,,6/23/2023,Old Census Update
Ecuador- 2023-06-23,Ecuador,,,67,,6/23/2023,Old Census Update
Nicaragua- 2023-06-23,Nicaragua,,,50,,6/23/2023,Old Census Update
Peru- 2023-06-23,Peru,Requesting Shelter (In Past Week),,3,,6/23/2023,Old Census Update
Peru- 2023-06-23,Peru,,,36,,6/23/2023,Old Census Update
Honduras- 2023-06-23,Honduras,,,18,,6/23/2023,Old Census Update
Mexico- 2023-06-23,Mexico,Requesting Shelter (In Past Week),,1,,6/23/2023,Old Census Update
Mexico- 2023-06-23,Mexico,,,16,,6/23/2023,Old Census Update
Angola- 2023-06-23,Angola,,,14,,6/23/2023,Old Census Update
Africa- 2023-06-23,Africa,Requesting Shelter (In Past Week),,1,,6/23/2023,Old Census Update
Cuba- 2023-06-23,Cuba,,,10,,6/23/2023,Old Census Update
Dominican Republic- 2023-06-23,Dominican Republic,,,10,,6/23/2023,Old Census Update
El Salvador- 2023-06-23,El Salvador,,,11,,6/23/2023,Old Census Update
Other- 2023-06-23,Other,Requesting Shelter (In Past Week),,2,,6/23/2023,Old Census Update
Other- 2023-06-23,Other,,,10,,6/23/2023,Old Census Update
Russia- 2023-06-23,Russia,,,11,,6/23/2023,Old Census Update
Unknown- 2023-06-23,Unknown,Requesting Shelter (In Past Week),,5,,6/23/2023,Old Census Update
Unknown- 2023-06-23,Unknown,,,1249,,6/23/2023,Old Census Update
- 2023-06-16,,In Shelter (Current),Single Men,1632,,6/16/2023,Old Census Update
- 2023-06-16,,In Shelter (Current),Single Women,247,,6/16/2023,Old Census Update
- 2023-06-16,,In Shelter (Current),Individuals in Family Unit,2814,,6/16/2023,Old Census Update
- 2023-06-16,,People Arrivals (To Date),,10000,,6/16/2023,Old Census Update
- 2023-06-16,,Placed in Shelter (In Past Week),,175,,6/16/2023,Old Census Update
- 2023-06-16,,People Arrivals Placed In Shelters by 311 (To Date),,3643,,6/16/2023,Old Census Update
Venezuela- 2023-06-16,Venezuela,Requesting Shelter (In Past Week),,128,,6/16/2023,Old Census Update
Venezuela- 2023-06-16,Venezuela,,,5552,,6/16/2023,Old Census Update
Colombia- 2023-06-16,Colombia,Requesting Shelter (In Past Week),,1,,6/16/2023,Old Census Update
Colombia- 2023-06-16,Colombia,,,433,,6/16/2023,Old Census Update
Ecuador- 2023-06-16,Ecuador,Requesting Shelter (In Past Week),,1,,6/16/2023,Old Census Update
Ecuador- 2023-06-16,Ecuador,,,95,,6/16/2023,Old Census Update
Nicaragua- 2023-06-16,Nicaragua,Requesting Shelter (In Past Week),,1,,6/16/2023,Old Census Update
Nicaragua- 2023-06-16,Nicaragua,,,207,,6/16/2023,Old Census Update
Peru- 2023-06-16,Peru,,,42,,6/16/2023,Old Census Update
Honduras- 2023-06-16,Honduras,,,21,,6/16/2023,Old Census Update
Mexico- 2023-06-16,Mexico,Requesting Shelter (In Past Week),,7,,6/16/2023,Old Census Update
Mexico- 2023-06-16,Mexico,,,18,,6/16/2023,Old Census Update
Angola- 2023-06-16,Angola,,,13,,6/16/2023,Old Census Update
Cuba- 2023-06-16,Cuba,,,10,,6/16/2023,Old Census Update
Dominican Republic- 2023-06-16,Dominican Republic,,,10,,6/16/2023,Old Census Update
El Salvador- 2023-06-16,El Salvador,Requesting Shelter (In Past Week),,3,,6/16/2023,Old Census Update
Other- 2023-06-16,Other,Requesting Shelter (In Past Week),,5,,6/16/2023,Old Census Update
Other- 2023-06-16,Other,,,10,,6/16/2023,Old Census Update
Panama- 2023-06-16,Panama,Requesting Shelter (In Past Week),,1,,6/16/2023,Old Census Update
Russia- 2023-06-16,Russia,Requesting Shelter (In Past Week),,2,,6/16/2023,Old Census Update
Russia- 2023-06-16,Russia,,,11,,6/16/2023,Old Census Update
Unknown- 2023-06-16,Unknown,Requesting Shelter (In Past Week),,1,,6/16/2023,Old Census Update
Unknown- 2023-06-16,Unknown,,,3044,,6/16/2023,Old Census Update
- 2023-06-09,,Placed in Shelter (In Past Week),,175,,6/9/2023,Old Census Update
- 2023-06-09,,People Arrivals Placed In Shelters by 311 (To Date),,3643,,6/9/2023,Old Census Update
